{
  "fio version" : "fio-3.28",
  "timestamp" : 1759305831,
  "timestamp_ms" : 1759305831585,
  "time" : "Wed Oct  1 04:03:51 2025",
  "jobs" : [
    {
      "jobname" : "blocksweep_8k_randread_rep3",
      "groupid" : 0,
      "error" : 0,
      "eta" : 0,
      "elapsed" : 31,
      "job options" : {
        "name" : "blocksweep_8k_randread_rep3",
        "filename" : "/mnt/y/acs_testfile",
        "rw" : "randread",
        "bs" : "8k",
        "size" : "1G",
        "runtime" : "30",
        "iodepth" : "8",
        "numjobs" : "1",
        "direct" : "1",
        "randrepeat" : "0",
        "zero_buffers" : "0"
      },
      "read" : {
        "io_bytes" : 1135575040,
        "io_kbytes" : 1108960,
        "bw_bytes" : 37851239,
        "bw" : 36964,
        "iops" : 4620.512650,
        "runtime" : 30001,
        "total_ios" : 138620,
        "short_ios" : 0,
        "drop_ios" : 0,
        "slat_ns" : {
          "min" : 0,
          "max" : 0,
          "mean" : 0.000000,
          "stddev" : 0.000000,
          "N" : 0
        },
        "clat_ns" : {
          "min" : 122800,
          "max" : 16757100,
          "mean" : 214664.935118,
          "stddev" : 113140.140435,
          "N" : 138620,
          "percentile" : {
            "1.000000" : 140288,
            "5.000000" : 152576,
            "10.000000" : 160768,
            "20.000000" : 173056,
            "30.000000" : 187392,
            "40.000000" : 199680,
            "50.000000" : 209920,
            "60.000000" : 218112,
            "70.000000" : 230400,
            "80.000000" : 244736,
            "90.000000" : 264192,
            "95.000000" : 284672,
            "99.000000" : 350208,
            "99.500000" : 415744,
            "99.900000" : 921600,
            "99.950000" : 1236992,
            "99.990000" : 3162112
          }
        },
        "lat_ns" : {
          "min" : 122900,
          "max" : 16757200,
          "mean" : 214866.773958,
          "stddev" : 113145.420028,
          "N" : 138620
        },
        "bw_min" : 30560,
        "bw_max" : 49024,
        "bw_agg" : 100.000000,
        "bw_mean" : 37040.813559,
        "bw_dev" : 4191.235965,
        "bw_samples" : 59,
        "iops_min" : 3820,
        "iops_max" : 6128,
        "iops_mean" : 4630.101695,
        "iops_stddev" : 523.904496,
        "iops_samples" : 59
      },
      "write" : {
        "io_bytes" : 0,
        "io_kbytes" : 0,
        "bw_bytes" : 0,
        "bw" : 0,
        "iops" : 0.000000,
        "runtime" : 0,
        "total_ios" : 0,
        "short_ios" : 0,
        "drop_ios" : 0,
        "slat_ns" : {
          "min" : 0,
          "max" : 0,
          "mean" : 0.000000,
          "stddev" : 0.000000,
          "N" : 0
        },
        "clat_ns" : {
          "min" : 0,
          "max" : 0,
          "mean" : 0.000000,
          "stddev" : 0.000000,
          "N" : 0
        },
        "lat_ns" : {
          "min" : 0,
          "max" : 0,
          "mean" : 0.000000,
          "stddev" : 0.000000,
          "N" : 0
        },
        "bw_min" : 0,
        "bw_max" : 0,
        "bw_agg" : 0.000000,
        "bw_mean" : 0.000000,
        "bw_dev" : 0.000000,
        "bw_samples" : 0,
        "iops_min" : 0,
        "iops_max" : 0,
        "iops_mean" : 0.000000,
        "iops_stddev" : 0.000000,
        "iops_samples" : 0
      },
      "trim" : {
        "io_bytes" : 0,
        "io_kbytes" : 0,
        "bw_bytes" : 0,
        "bw" : 0,
        "iops" : 0.000000,
        "runtime" : 0,
        "total_ios" : 0,
        "short_ios" : 0,
        "drop_ios" : 0,
        "slat_ns" : {
          "min" : 0,
          "max" : 0,
          "mean" : 0.000000,
          "stddev" : 0.000000,
          "N" : 0
        },
        "clat_ns" : {
          "min" : 0,
          "max" : 0,
          "mean" : 0.000000,
          "stddev" : 0.000000,
          "N" : 0
        },
        "lat_ns" : {
          "min" : 0,
          "max" : 0,
          "mean" : 0.000000,
          "stddev" : 0.000000,
          "N" : 0
        },
        "bw_min" : 0,
        "bw_max" : 0,
        "bw_agg" : 0.000000,
        "bw_mean" : 0.000000,
        "bw_dev" : 0.000000,
        "bw_samples" : 0,
        "iops_min" : 0,
        "iops_max" : 0,
        "iops_mean" : 0.000000,
        "iops_stddev" : 0.000000,
        "iops_samples" : 0
      },
      "sync" : {
        "total_ios" : 0,
        "lat_ns" : {
          "min" : 0,
          "max" : 0,
          "mean" : 0.000000,
          "stddev" : 0.000000,
          "N" : 0
        }
      },
      "job_runtime" : 30000,
      "usr_cpu" : 1.526667,
      "sys_cpu" : 6.530000,
      "ctx" : 138624,
      "majf" : 0,
      "minf" : 12,
      "iodepth_level" : {
        "1" : 100.000000,
        "2" : 0.000000,
        "4" : 0.000000,
        "8" : 0.000000,
        "16" : 0.000000,
        "32" : 0.000000,
        ">=64" : 0.000000
      },
      "iodepth_submit" : {
        "0" : 0.000000,
        "4" : 100.000000,
        "8" : 0.000000,
        "16" : 0.000000,
        "32" : 0.000000,
        "64" : 0.000000,
        ">=64" : 0.000000
      },
      "iodepth_complete" : {
        "0" : 0.000000,
        "4" : 100.000000,
        "8" : 0.000000,
        "16" : 0.000000,
        "32" : 0.000000,
        "64" : 0.000000,
        ">=64" : 0.000000
      },
      "latency_ns" : {
        "2" : 0.000000,
        "4" : 0.000000,
        "10" : 0.000000,
        "20" : 0.000000,
        "50" : 0.000000,
        "100" : 0.000000,
        "250" : 0.000000,
        "500" : 0.000000,
        "750" : 0.000000,
        "1000" : 0.000000
      },
      "latency_us" : {
        "2" : 0.000000,
        "4" : 0.000000,
        "10" : 0.000000,
        "20" : 0.000000,
        "50" : 0.000000,
        "100" : 0.000000,
        "250" : 83.353773,
        "500" : 16.332420,
        "750" : 0.162314,
        "1000" : 0.072861
      },
      "latency_ms" : {
        "2" : 0.061319,
        "4" : 0.010821,
        "10" : 0.010000,
        "20" : 0.010000,
        "50" : 0.000000,
        "100" : 0.000000,
        "250" : 0.000000,
        "500" : 0.000000,
        "750" : 0.000000,
        "1000" : 0.000000,
        "2000" : 0.000000,
        ">=2000" : 0.000000
      },
      "latency_depth" : 8,
      "latency_target" : 0,
      "latency_percentile" : 100.000000,
      "latency_window" : 0
    }
  ]
}
