{
  "fio version" : "fio-3.28",
  "timestamp" : 1759305953,
  "timestamp_ms" : 1759305953060,
  "time" : "Wed Oct  1 04:05:53 2025",
  "jobs" : [
    {
      "jobname" : "blocksweep_16k_randread_rep1",
      "groupid" : 0,
      "error" : 0,
      "eta" : 0,
      "elapsed" : 31,
      "job options" : {
        "name" : "blocksweep_16k_randread_rep1",
        "filename" : "/mnt/y/acs_testfile",
        "rw" : "randread",
        "bs" : "16k",
        "size" : "1G",
        "runtime" : "30",
        "iodepth" : "8",
        "numjobs" : "1",
        "direct" : "1",
        "randrepeat" : "0",
        "zero_buffers" : "0"
      },
      "read" : {
        "io_bytes" : 2719547392,
        "io_kbytes" : 2655808,
        "bw_bytes" : 90648558,
        "bw" : 88523,
        "iops" : 5532.748908,
        "runtime" : 30001,
        "total_ios" : 165988,
        "short_ios" : 0,
        "drop_ios" : 0,
        "slat_ns" : {
          "min" : 0,
          "max" : 0,
          "mean" : 0.000000,
          "stddev" : 0.000000,
          "N" : 0
        },
        "clat_ns" : {
          "min" : 112800,
          "max" : 2673400,
          "mean" : 179391.180832,
          "stddev" : 39128.518456,
          "N" : 165988,
          "percentile" : {
            "1.000000" : 140288,
            "5.000000" : 144384,
            "10.000000" : 148480,
            "20.000000" : 154624,
            "30.000000" : 158720,
            "40.000000" : 164864,
            "50.000000" : 171008,
            "60.000000" : 177152,
            "70.000000" : 185344,
            "80.000000" : 195584,
            "90.000000" : 216064,
            "95.000000" : 244736,
            "99.000000" : 325632,
            "99.500000" : 370688,
            "99.900000" : 481280,
            "99.950000" : 577536,
            "99.990000" : 831488
          }
        },
        "lat_ns" : {
          "min" : 112900,
          "max" : 2673600,
          "mean" : 179541.283852,
          "stddev" : 39140.823436,
          "N" : 165988
        },
        "bw_min" : 76576,
        "bw_max" : 97376,
        "bw_agg" : 100.000000,
        "bw_mean" : 88544.542373,
        "bw_dev" : 5623.480991,
        "bw_samples" : 59,
        "iops_min" : 4786,
        "iops_max" : 6086,
        "iops_mean" : 5534.033898,
        "iops_stddev" : 351.467562,
        "iops_samples" : 59
      },
      "write" : {
        "io_bytes" : 0,
        "io_kbytes" : 0,
        "bw_bytes" : 0,
        "bw" : 0,
        "iops" : 0.000000,
        "runtime" : 0,
        "total_ios" : 0,
        "short_ios" : 0,
        "drop_ios" : 0,
        "slat_ns" : {
          "min" : 0,
          "max" : 0,
          "mean" : 0.000000,
          "stddev" : 0.000000,
          "N" : 0
        },
        "clat_ns" : {
          "min" : 0,
          "max" : 0,
          "mean" : 0.000000,
          "stddev" : 0.000000,
          "N" : 0
        },
        "lat_ns" : {
          "min" : 0,
          "max" : 0,
          "mean" : 0.000000,
          "stddev" : 0.000000,
          "N" : 0
        },
        "bw_min" : 0,
        "bw_max" : 0,
        "bw_agg" : 0.000000,
        "bw_mean" : 0.000000,
        "bw_dev" : 0.000000,
        "bw_samples" : 0,
        "iops_min" : 0,
        "iops_max" : 0,
        "iops_mean" : 0.000000,
        "iops_stddev" : 0.000000,
        "iops_samples" : 0
      },
      "trim" : {
        "io_bytes" : 0,
        "io_kbytes" : 0,
        "bw_bytes" : 0,
        "bw" : 0,
        "iops" : 0.000000,
        "runtime" : 0,
        "total_ios" : 0,
        "short_ios" : 0,
        "drop_ios" : 0,
        "slat_ns" : {
          "min" : 0,
          "max" : 0,
          "mean" : 0.000000,
          "stddev" : 0.000000,
          "N" : 0
        },
        "clat_ns" : {
          "min" : 0,
          "max" : 0,
          "mean" : 0.000000,
          "stddev" : 0.000000,
          "N" : 0
        },
        "lat_ns" : {
          "min" : 0,
          "max" : 0,
          "mean" : 0.000000,
          "stddev" : 0.000000,
          "N" : 0
        },
        "bw_min" : 0,
        "bw_max" : 0,
        "bw_agg" : 0.000000,
        "bw_mean" : 0.000000,
        "bw_dev" : 0.000000,
        "bw_samples" : 0,
        "iops_min" : 0,
        "iops_max" : 0,
        "iops_mean" : 0.000000,
        "iops_stddev" : 0.000000,
        "iops_samples" : 0
      },
      "sync" : {
        "total_ios" : 0,
        "lat_ns" : {
          "min" : 0,
          "max" : 0,
          "mean" : 0.000000,
          "stddev" : 0.000000,
          "N" : 0
        }
      },
      "job_runtime" : 30000,
      "usr_cpu" : 1.443333,
      "sys_cpu" : 6.683333,
      "ctx" : 165993,
      "majf" : 0,
      "minf" : 15,
      "iodepth_level" : {
        "1" : 100.000000,
        "2" : 0.000000,
        "4" : 0.000000,
        "8" : 0.000000,
        "16" : 0.000000,
        "32" : 0.000000,
        ">=64" : 0.000000
      },
      "iodepth_submit" : {
        "0" : 0.000000,
        "4" : 100.000000,
        "8" : 0.000000,
        "16" : 0.000000,
        "32" : 0.000000,
        "64" : 0.000000,
        ">=64" : 0.000000
      },
      "iodepth_complete" : {
        "0" : 0.000000,
        "4" : 100.000000,
        "8" : 0.000000,
        "16" : 0.000000,
        "32" : 0.000000,
        "64" : 0.000000,
        ">=64" : 0.000000
      },
      "latency_ns" : {
        "2" : 0.000000,
        "4" : 0.000000,
        "10" : 0.000000,
        "20" : 0.000000,
        "50" : 0.000000,
        "100" : 0.000000,
        "250" : 0.000000,
        "500" : 0.000000,
        "750" : 0.000000,
        "1000" : 0.000000
      },
      "latency_us" : {
        "2" : 0.000000,
        "4" : 0.000000,
        "10" : 0.000000,
        "20" : 0.000000,
        "50" : 0.000000,
        "100" : 0.000000,
        "250" : 95.429790,
        "500" : 4.485866,
        "750" : 0.065667,
        "1000" : 0.013254
      },
      "latency_ms" : {
        "2" : 0.010000,
        "4" : 0.010000,
        "10" : 0.000000,
        "20" : 0.000000,
        "50" : 0.000000,
        "100" : 0.000000,
        "250" : 0.000000,
        "500" : 0.000000,
        "750" : 0.000000,
        "1000" : 0.000000,
        "2000" : 0.000000,
        ">=2000" : 0.000000
      },
      "latency_depth" : 8,
      "latency_target" : 0,
      "latency_percentile" : 100.000000,
      "latency_window" : 0
    }
  ]
}
