{
  "fio version" : "fio-3.28",
  "timestamp" : 1759305043,
  "timestamp_ms" : 1759305043057,
  "time" : "Wed Oct  1 03:50:43 2025",
  "jobs" : [
    {
      "jobname" : "blocksweep_32k_read_rep1",
      "groupid" : 0,
      "error" : 0,
      "eta" : 0,
      "elapsed" : 31,
      "job options" : {
        "name" : "blocksweep_32k_read_rep1",
        "filename" : "/mnt/y/acs_testfile",
        "rw" : "read",
        "bs" : "32k",
        "size" : "1G",
        "runtime" : "30",
        "iodepth" : "8",
        "numjobs" : "1",
        "direct" : "1",
        "randrepeat" : "0",
        "zero_buffers" : "0"
      },
      "read" : {
        "io_bytes" : 3948675072,
        "io_kbytes" : 3856128,
        "bw_bytes" : 131618115,
        "bw" : 128533,
        "iops" : 4016.666111,
        "runtime" : 30001,
        "total_ios" : 120504,
        "short_ios" : 0,
        "drop_ios" : 0,
        "slat_ns" : {
          "min" : 0,
          "max" : 0,
          "mean" : 0.000000,
          "stddev" : 0.000000,
          "N" : 0
        },
        "clat_ns" : {
          "min" : 160500,
          "max" : 2635100,
          "mean" : 247541.254216,
          "stddev" : 50918.906834,
          "N" : 120504,
          "percentile" : {
            "1.000000" : 195584,
            "5.000000" : 203776,
            "10.000000" : 207872,
            "20.000000" : 214016,
            "30.000000" : 220160,
            "40.000000" : 228352,
            "50.000000" : 234496,
            "60.000000" : 244736,
            "70.000000" : 252928,
            "80.000000" : 268288,
            "90.000000" : 301056,
            "95.000000" : 337920,
            "99.000000" : 432128,
            "99.500000" : 477184,
            "99.900000" : 692224,
            "99.950000" : 806912,
            "99.990000" : 1204224
          }
        },
        "lat_ns" : {
          "min" : 160700,
          "max" : 2635300,
          "mean" : 247714.110718,
          "stddev" : 50933.329951,
          "N" : 120504
        },
        "bw_min" : 116736,
        "bw_max" : 139648,
        "bw_agg" : 100.000000,
        "bw_mean" : 128644.338983,
        "bw_dev" : 4965.416247,
        "bw_samples" : 59,
        "iops_min" : 3648,
        "iops_max" : 4364,
        "iops_mean" : 4020.135593,
        "iops_stddev" : 155.169258,
        "iops_samples" : 59
      },
      "write" : {
        "io_bytes" : 0,
        "io_kbytes" : 0,
        "bw_bytes" : 0,
        "bw" : 0,
        "iops" : 0.000000,
        "runtime" : 0,
        "total_ios" : 0,
        "short_ios" : 0,
        "drop_ios" : 0,
        "slat_ns" : {
          "min" : 0,
          "max" : 0,
          "mean" : 0.000000,
          "stddev" : 0.000000,
          "N" : 0
        },
        "clat_ns" : {
          "min" : 0,
          "max" : 0,
          "mean" : 0.000000,
          "stddev" : 0.000000,
          "N" : 0
        },
        "lat_ns" : {
          "min" : 0,
          "max" : 0,
          "mean" : 0.000000,
          "stddev" : 0.000000,
          "N" : 0
        },
        "bw_min" : 0,
        "bw_max" : 0,
        "bw_agg" : 0.000000,
        "bw_mean" : 0.000000,
        "bw_dev" : 0.000000,
        "bw_samples" : 0,
        "iops_min" : 0,
        "iops_max" : 0,
        "iops_mean" : 0.000000,
        "iops_stddev" : 0.000000,
        "iops_samples" : 0
      },
      "trim" : {
        "io_bytes" : 0,
        "io_kbytes" : 0,
        "bw_bytes" : 0,
        "bw" : 0,
        "iops" : 0.000000,
        "runtime" : 0,
        "total_ios" : 0,
        "short_ios" : 0,
        "drop_ios" : 0,
        "slat_ns" : {
          "min" : 0,
          "max" : 0,
          "mean" : 0.000000,
          "stddev" : 0.000000,
          "N" : 0
        },
        "clat_ns" : {
          "min" : 0,
          "max" : 0,
          "mean" : 0.000000,
          "stddev" : 0.000000,
          "N" : 0
        },
        "lat_ns" : {
          "min" : 0,
          "max" : 0,
          "mean" : 0.000000,
          "stddev" : 0.000000,
          "N" : 0
        },
        "bw_min" : 0,
        "bw_max" : 0,
        "bw_agg" : 0.000000,
        "bw_mean" : 0.000000,
        "bw_dev" : 0.000000,
        "bw_samples" : 0,
        "iops_min" : 0,
        "iops_max" : 0,
        "iops_mean" : 0.000000,
        "iops_stddev" : 0.000000,
        "iops_samples" : 0
      },
      "sync" : {
        "total_ios" : 0,
        "lat_ns" : {
          "min" : 0,
          "max" : 0,
          "mean" : 0.000000,
          "stddev" : 0.000000,
          "N" : 0
        }
      },
      "job_runtime" : 30000,
      "usr_cpu" : 1.240000,
      "sys_cpu" : 6.773333,
      "ctx" : 120509,
      "majf" : 0,
      "minf" : 20,
      "iodepth_level" : {
        "1" : 100.000000,
        "2" : 0.000000,
        "4" : 0.000000,
        "8" : 0.000000,
        "16" : 0.000000,
        "32" : 0.000000,
        ">=64" : 0.000000
      },
      "iodepth_submit" : {
        "0" : 0.000000,
        "4" : 100.000000,
        "8" : 0.000000,
        "16" : 0.000000,
        "32" : 0.000000,
        "64" : 0.000000,
        ">=64" : 0.000000
      },
      "iodepth_complete" : {
        "0" : 0.000000,
        "4" : 100.000000,
        "8" : 0.000000,
        "16" : 0.000000,
        "32" : 0.000000,
        "64" : 0.000000,
        ">=64" : 0.000000
      },
      "latency_ns" : {
        "2" : 0.000000,
        "4" : 0.000000,
        "10" : 0.000000,
        "20" : 0.000000,
        "50" : 0.000000,
        "100" : 0.000000,
        "250" : 0.000000,
        "500" : 0.000000,
        "750" : 0.000000,
        "1000" : 0.000000
      },
      "latency_us" : {
        "2" : 0.000000,
        "4" : 0.000000,
        "10" : 0.000000,
        "20" : 0.000000,
        "50" : 0.000000,
        "100" : 0.000000,
        "250" : 66.451736,
        "500" : 33.167364,
        "750" : 0.301235,
        "1000" : 0.058919
      },
      "latency_ms" : {
        "2" : 0.019087,
        "4" : 0.010000,
        "10" : 0.000000,
        "20" : 0.000000,
        "50" : 0.000000,
        "100" : 0.000000,
        "250" : 0.000000,
        "500" : 0.000000,
        "750" : 0.000000,
        "1000" : 0.000000,
        "2000" : 0.000000,
        ">=2000" : 0.000000
      },
      "latency_depth" : 8,
      "latency_target" : 0,
      "latency_percentile" : 100.000000,
      "latency_window" : 0
    }
  ]
}
