{
  "fio version" : "fio-3.28",
  "timestamp" : 1759284065,
  "timestamp_ms" : 1759284065662,
  "time" : "Tue Sep 30 22:01:05 2025",
  "jobs" : [
    {
      "jobname" : "rw_mix_100R_rep1",
      "groupid" : 0,
      "error" : 0,
      "eta" : 0,
      "elapsed" : 31,
      "job options" : {
        "name" : "rw_mix_100R_rep1",
        "filename" : "/mnt/y/acs_testfile",
        "rw" : "randread",
        "bs" : "4k",
        "size" : "1G",
        "runtime" : "30",
        "iodepth" : "8",
        "numjobs" : "1",
        "direct" : "1",
        "randrepeat" : "0",
        "zero_buffers" : "0"
      },
      "read" : {
        "io_bytes" : 738414592,
        "io_kbytes" : 721108,
        "bw_bytes" : 24612999,
        "bw" : 24036,
        "iops" : 6009.033032,
        "runtime" : 30001,
        "total_ios" : 180277,
        "short_ios" : 0,
        "drop_ios" : 0,
        "slat_ns" : {
          "min" : 0,
          "max" : 0,
          "mean" : 0.000000,
          "stddev" : 0.000000,
          "N" : 0
        },
        "clat_ns" : {
          "min" : 96000,
          "max" : 9907700,
          "mean" : 164784.134066,
          "stddev" : 62028.641422,
          "N" : 180277,
          "percentile" : {
            "1.000000" : 132096,
            "5.000000" : 134144,
            "10.000000" : 138240,
            "20.000000" : 140288,
            "30.000000" : 144384,
            "40.000000" : 148480,
            "50.000000" : 154624,
            "60.000000" : 158720,
            "70.000000" : 166912,
            "80.000000" : 179200,
            "90.000000" : 199680,
            "95.000000" : 232448,
            "99.000000" : 309248,
            "99.500000" : 358400,
            "99.900000" : 493568,
            "99.950000" : 602112,
            "99.990000" : 798720
          }
        },
        "lat_ns" : {
          "min" : 96200,
          "max" : 9907900,
          "mean" : 164953.272115,
          "stddev" : 62039.823048,
          "N" : 180277
        },
        "bw_min" : 21448,
        "bw_max" : 25744,
        "bw_agg" : 100.000000,
        "bw_mean" : 24079.728814,
        "bw_dev" : 1167.323343,
        "bw_samples" : 59,
        "iops_min" : 5362,
        "iops_max" : 6436,
        "iops_mean" : 6019.932203,
        "iops_stddev" : 291.830836,
        "iops_samples" : 59
      },
      "write" : {
        "io_bytes" : 0,
        "io_kbytes" : 0,
        "bw_bytes" : 0,
        "bw" : 0,
        "iops" : 0.000000,
        "runtime" : 0,
        "total_ios" : 0,
        "short_ios" : 0,
        "drop_ios" : 0,
        "slat_ns" : {
          "min" : 0,
          "max" : 0,
          "mean" : 0.000000,
          "stddev" : 0.000000,
          "N" : 0
        },
        "clat_ns" : {
          "min" : 0,
          "max" : 0,
          "mean" : 0.000000,
          "stddev" : 0.000000,
          "N" : 0
        },
        "lat_ns" : {
          "min" : 0,
          "max" : 0,
          "mean" : 0.000000,
          "stddev" : 0.000000,
          "N" : 0
        },
        "bw_min" : 0,
        "bw_max" : 0,
        "bw_agg" : 0.000000,
        "bw_mean" : 0.000000,
        "bw_dev" : 0.000000,
        "bw_samples" : 0,
        "iops_min" : 0,
        "iops_max" : 0,
        "iops_mean" : 0.000000,
        "iops_stddev" : 0.000000,
        "iops_samples" : 0
      },
      "trim" : {
        "io_bytes" : 0,
        "io_kbytes" : 0,
        "bw_bytes" : 0,
        "bw" : 0,
        "iops" : 0.000000,
        "runtime" : 0,
        "total_ios" : 0,
        "short_ios" : 0,
        "drop_ios" : 0,
        "slat_ns" : {
          "min" : 0,
          "max" : 0,
          "mean" : 0.000000,
          "stddev" : 0.000000,
          "N" : 0
        },
        "clat_ns" : {
          "min" : 0,
          "max" : 0,
          "mean" : 0.000000,
          "stddev" : 0.000000,
          "N" : 0
        },
        "lat_ns" : {
          "min" : 0,
          "max" : 0,
          "mean" : 0.000000,
          "stddev" : 0.000000,
          "N" : 0
        },
        "bw_min" : 0,
        "bw_max" : 0,
        "bw_agg" : 0.000000,
        "bw_mean" : 0.000000,
        "bw_dev" : 0.000000,
        "bw_samples" : 0,
        "iops_min" : 0,
        "iops_max" : 0,
        "iops_mean" : 0.000000,
        "iops_stddev" : 0.000000,
        "iops_samples" : 0
      },
      "sync" : {
        "total_ios" : 0,
        "lat_ns" : {
          "min" : 0,
          "max" : 0,
          "mean" : 0.000000,
          "stddev" : 0.000000,
          "N" : 0
        }
      },
      "job_runtime" : 30000,
      "usr_cpu" : 2.220000,
      "sys_cpu" : 5.666667,
      "ctx" : 180285,
      "majf" : 0,
      "minf" : 13,
      "iodepth_level" : {
        "1" : 100.000000,
        "2" : 0.000000,
        "4" : 0.000000,
        "8" : 0.000000,
        "16" : 0.000000,
        "32" : 0.000000,
        ">=64" : 0.000000
      },
      "iodepth_submit" : {
        "0" : 0.000000,
        "4" : 100.000000,
        "8" : 0.000000,
        "16" : 0.000000,
        "32" : 0.000000,
        "64" : 0.000000,
        ">=64" : 0.000000
      },
      "iodepth_complete" : {
        "0" : 0.000000,
        "4" : 100.000000,
        "8" : 0.000000,
        "16" : 0.000000,
        "32" : 0.000000,
        "64" : 0.000000,
        ">=64" : 0.000000
      },
      "latency_ns" : {
        "2" : 0.000000,
        "4" : 0.000000,
        "10" : 0.000000,
        "20" : 0.000000,
        "50" : 0.000000,
        "100" : 0.000000,
        "250" : 0.000000,
        "500" : 0.000000,
        "750" : 0.000000,
        "1000" : 0.000000
      },
      "latency_us" : {
        "2" : 0.000000,
        "4" : 0.000000,
        "10" : 0.000000,
        "20" : 0.000000,
        "50" : 0.000000,
        "100" : 0.010000,
        "250" : 96.366148,
        "500" : 3.538444,
        "750" : 0.077658,
        "1000" : 0.010000
      },
      "latency_ms" : {
        "2" : 0.010000,
        "4" : 0.010000,
        "10" : 0.010000,
        "20" : 0.000000,
        "50" : 0.000000,
        "100" : 0.000000,
        "250" : 0.000000,
        "500" : 0.000000,
        "750" : 0.000000,
        "1000" : 0.000000,
        "2000" : 0.000000,
        ">=2000" : 0.000000
      },
      "latency_depth" : 8,
      "latency_target" : 0,
      "latency_percentile" : 100.000000,
      "latency_window" : 0
    }
  ]
}
