{
  "fio version" : "fio-3.28",
  "timestamp" : 1759284277,
  "timestamp_ms" : 1759284277849,
  "time" : "Tue Sep 30 22:04:37 2025",
  "jobs" : [
    {
      "jobname" : "rw_mix_50-50_rep2",
      "groupid" : 0,
      "error" : 0,
      "eta" : 0,
      "elapsed" : 31,
      "job options" : {
        "name" : "rw_mix_50-50_rep2",
        "filename" : "/mnt/y/acs_testfile",
        "rw" : "randrw",
        "bs" : "4k",
        "size" : "1G",
        "runtime" : "30",
        "iodepth" : "8",
        "numjobs" : "1",
        "direct" : "1",
        "randrepeat" : "0",
        "zero_buffers" : "0",
        "rwmixread" : "50"
      },
      "read" : {
        "io_bytes" : 373366784,
        "io_kbytes" : 364616,
        "bw_bytes" : 12445144,
        "bw" : 12153,
        "iops" : 3038.365388,
        "runtime" : 30001,
        "total_ios" : 91154,
        "short_ios" : 0,
        "drop_ios" : 0,
        "slat_ns" : {
          "min" : 0,
          "max" : 0,
          "mean" : 0.000000,
          "stddev" : 0.000000,
          "N" : 0
        },
        "clat_ns" : {
          "min" : 103400,
          "max" : 2172800,
          "mean" : 160844.645666,
          "stddev" : 39427.533265,
          "N" : 91154,
          "percentile" : {
            "1.000000" : 132096,
            "5.000000" : 136192,
            "10.000000" : 138240,
            "20.000000" : 140288,
            "30.000000" : 142336,
            "40.000000" : 144384,
            "50.000000" : 148480,
            "60.000000" : 152576,
            "70.000000" : 158720,
            "80.000000" : 168960,
            "90.000000" : 195584,
            "95.000000" : 234496,
            "99.000000" : 309248,
            "99.500000" : 374784,
            "99.900000" : 481280,
            "99.950000" : 602112,
            "99.990000" : 798720
          }
        },
        "lat_ns" : {
          "min" : 103600,
          "max" : 2172900,
          "mean" : 161002.471992,
          "stddev" : 39444.482217,
          "N" : 91154
        },
        "bw_min" : 11008,
        "bw_max" : 13088,
        "bw_agg" : 100.000000,
        "bw_mean" : 12180.881356,
        "bw_dev" : 419.031440,
        "bw_samples" : 59,
        "iops_min" : 2752,
        "iops_max" : 3272,
        "iops_mean" : 3045.220339,
        "iops_stddev" : 104.757860,
        "iops_samples" : 59
      },
      "write" : {
        "io_bytes" : 375709696,
        "io_kbytes" : 366904,
        "bw_bytes" : 12523239,
        "bw" : 12229,
        "iops" : 3057.431419,
        "runtime" : 30001,
        "total_ios" : 91726,
        "short_ios" : 0,
        "drop_ios" : 0,
        "slat_ns" : {
          "min" : 0,
          "max" : 0,
          "mean" : 0.000000,
          "stddev" : 0.000000,
          "N" : 0
        },
        "clat_ns" : {
          "min" : 111800,
          "max" : 1937700,
          "mean" : 164121.310250,
          "stddev" : 39693.015580,
          "N" : 91726,
          "percentile" : {
            "1.000000" : 136192,
            "5.000000" : 138240,
            "10.000000" : 140288,
            "20.000000" : 142336,
            "30.000000" : 146432,
            "40.000000" : 148480,
            "50.000000" : 152576,
            "60.000000" : 156672,
            "70.000000" : 162816,
            "80.000000" : 173056,
            "90.000000" : 199680,
            "95.000000" : 238592,
            "99.000000" : 321536,
            "99.500000" : 378880,
            "99.900000" : 493568,
            "99.950000" : 569344,
            "99.990000" : 757760
          }
        },
        "lat_ns" : {
          "min" : 112000,
          "max" : 1938000,
          "mean" : 164323.877679,
          "stddev" : 39711.507444,
          "N" : 91726
        },
        "bw_min" : 10960,
        "bw_max" : 12960,
        "bw_agg" : 100.000000,
        "bw_mean" : 12255.050847,
        "bw_dev" : 421.622704,
        "bw_samples" : 59,
        "iops_min" : 2740,
        "iops_max" : 3240,
        "iops_mean" : 3063.762712,
        "iops_stddev" : 105.405676,
        "iops_samples" : 59
      },
      "trim" : {
        "io_bytes" : 0,
        "io_kbytes" : 0,
        "bw_bytes" : 0,
        "bw" : 0,
        "iops" : 0.000000,
        "runtime" : 0,
        "total_ios" : 0,
        "short_ios" : 0,
        "drop_ios" : 0,
        "slat_ns" : {
          "min" : 0,
          "max" : 0,
          "mean" : 0.000000,
          "stddev" : 0.000000,
          "N" : 0
        },
        "clat_ns" : {
          "min" : 0,
          "max" : 0,
          "mean" : 0.000000,
          "stddev" : 0.000000,
          "N" : 0
        },
        "lat_ns" : {
          "min" : 0,
          "max" : 0,
          "mean" : 0.000000,
          "stddev" : 0.000000,
          "N" : 0
        },
        "bw_min" : 0,
        "bw_max" : 0,
        "bw_agg" : 0.000000,
        "bw_mean" : 0.000000,
        "bw_dev" : 0.000000,
        "bw_samples" : 0,
        "iops_min" : 0,
        "iops_max" : 0,
        "iops_mean" : 0.000000,
        "iops_stddev" : 0.000000,
        "iops_samples" : 0
      },
      "sync" : {
        "total_ios" : 0,
        "lat_ns" : {
          "min" : 0,
          "max" : 0,
          "mean" : 0.000000,
          "stddev" : 0.000000,
          "N" : 0
        }
      },
      "job_runtime" : 30000,
      "usr_cpu" : 1.800000,
      "sys_cpu" : 5.256667,
      "ctx" : 182885,
      "majf" : 0,
      "minf" : 14,
      "iodepth_level" : {
        "1" : 100.000000,
        "2" : 0.000000,
        "4" : 0.000000,
        "8" : 0.000000,
        "16" : 0.000000,
        "32" : 0.000000,
        ">=64" : 0.000000
      },
      "iodepth_submit" : {
        "0" : 0.000000,
        "4" : 100.000000,
        "8" : 0.000000,
        "16" : 0.000000,
        "32" : 0.000000,
        "64" : 0.000000,
        ">=64" : 0.000000
      },
      "iodepth_complete" : {
        "0" : 0.000000,
        "4" : 100.000000,
        "8" : 0.000000,
        "16" : 0.000000,
        "32" : 0.000000,
        "64" : 0.000000,
        ">=64" : 0.000000
      },
      "latency_ns" : {
        "2" : 0.000000,
        "4" : 0.000000,
        "10" : 0.000000,
        "20" : 0.000000,
        "50" : 0.000000,
        "100" : 0.000000,
        "250" : 0.000000,
        "500" : 0.000000,
        "750" : 0.000000,
        "1000" : 0.000000
      },
      "latency_us" : {
        "2" : 0.000000,
        "4" : 0.000000,
        "10" : 0.000000,
        "20" : 0.000000,
        "50" : 0.000000,
        "100" : 0.000000,
        "250" : 96.082677,
        "500" : 3.827647,
        "750" : 0.072178,
        "1000" : 0.014217
      },
      "latency_ms" : {
        "2" : 0.010000,
        "4" : 0.010000,
        "10" : 0.000000,
        "20" : 0.000000,
        "50" : 0.000000,
        "100" : 0.000000,
        "250" : 0.000000,
        "500" : 0.000000,
        "750" : 0.000000,
        "1000" : 0.000000,
        "2000" : 0.000000,
        ">=2000" : 0.000000
      },
      "latency_depth" : 8,
      "latency_target" : 0,
      "latency_percentile" : 100.000000,
      "latency_window" : 0
    }
  ]
}
