{
  "fio version" : "fio-3.28",
  "timestamp" : 1759284308,
  "timestamp_ms" : 1759284308136,
  "time" : "Tue Sep 30 22:05:08 2025",
  "jobs" : [
    {
      "jobname" : "rw_mix_50-50_rep3",
      "groupid" : 0,
      "error" : 0,
      "eta" : 0,
      "elapsed" : 31,
      "job options" : {
        "name" : "rw_mix_50-50_rep3",
        "filename" : "/mnt/y/acs_testfile",
        "rw" : "randrw",
        "bs" : "4k",
        "size" : "1G",
        "runtime" : "30",
        "iodepth" : "8",
        "numjobs" : "1",
        "direct" : "1",
        "randrepeat" : "0",
        "zero_buffers" : "0",
        "rwmixread" : "50"
      },
      "read" : {
        "io_bytes" : 370331648,
        "io_kbytes" : 361652,
        "bw_bytes" : 12343976,
        "bw" : 12054,
        "iops" : 3013.666211,
        "runtime" : 30001,
        "total_ios" : 90413,
        "short_ios" : 0,
        "drop_ios" : 0,
        "slat_ns" : {
          "min" : 0,
          "max" : 0,
          "mean" : 0.000000,
          "stddev" : 0.000000,
          "N" : 0
        },
        "clat_ns" : {
          "min" : 105100,
          "max" : 2379600,
          "mean" : 162402.715251,
          "stddev" : 38991.946106,
          "N" : 90413,
          "percentile" : {
            "1.000000" : 132096,
            "5.000000" : 136192,
            "10.000000" : 138240,
            "20.000000" : 140288,
            "30.000000" : 142336,
            "40.000000" : 146432,
            "50.000000" : 150528,
            "60.000000" : 154624,
            "70.000000" : 162816,
            "80.000000" : 175104,
            "90.000000" : 199680,
            "95.000000" : 234496,
            "99.000000" : 309248,
            "99.500000" : 366592,
            "99.900000" : 468992,
            "99.950000" : 569344,
            "99.990000" : 847872
          }
        },
        "lat_ns" : {
          "min" : 105300,
          "max" : 2380000,
          "mean" : 162566.111002,
          "stddev" : 39008.513121,
          "N" : 90413
        },
        "bw_min" : 10904,
        "bw_max" : 12752,
        "bw_agg" : 100.000000,
        "bw_mean" : 12066.440678,
        "bw_dev" : 495.379488,
        "bw_samples" : 59,
        "iops_min" : 2726,
        "iops_max" : 3188,
        "iops_mean" : 3016.610169,
        "iops_stddev" : 123.844872,
        "iops_samples" : 59
      },
      "write" : {
        "io_bytes" : 371159040,
        "io_kbytes" : 362460,
        "bw_bytes" : 12371555,
        "bw" : 12081,
        "iops" : 3020.399320,
        "runtime" : 30001,
        "total_ios" : 90615,
        "short_ios" : 0,
        "drop_ios" : 0,
        "slat_ns" : {
          "min" : 0,
          "max" : 0,
          "mean" : 0.000000,
          "stddev" : 0.000000,
          "N" : 0
        },
        "clat_ns" : {
          "min" : 104500,
          "max" : 3076301,
          "mean" : 165849.306064,
          "stddev" : 40332.201830,
          "N" : 90615,
          "percentile" : {
            "1.000000" : 136192,
            "5.000000" : 138240,
            "10.000000" : 140288,
            "20.000000" : 142336,
            "30.000000" : 146432,
            "40.000000" : 148480,
            "50.000000" : 152576,
            "60.000000" : 158720,
            "70.000000" : 166912,
            "80.000000" : 177152,
            "90.000000" : 203776,
            "95.000000" : 238592,
            "99.000000" : 317440,
            "99.500000" : 366592,
            "99.900000" : 477184,
            "99.950000" : 544768,
            "99.990000" : 831488
          }
        },
        "lat_ns" : {
          "min" : 104600,
          "max" : 3076501,
          "mean" : 166058.691949,
          "stddev" : 40353.010102,
          "N" : 90615
        },
        "bw_min" : 10784,
        "bw_max" : 12912,
        "bw_agg" : 100.000000,
        "bw_mean" : 12096.406780,
        "bw_dev" : 543.858853,
        "bw_samples" : 59,
        "iops_min" : 2696,
        "iops_max" : 3228,
        "iops_mean" : 3024.101695,
        "iops_stddev" : 135.964713,
        "iops_samples" : 59
      },
      "trim" : {
        "io_bytes" : 0,
        "io_kbytes" : 0,
        "bw_bytes" : 0,
        "bw" : 0,
        "iops" : 0.000000,
        "runtime" : 0,
        "total_ios" : 0,
        "short_ios" : 0,
        "drop_ios" : 0,
        "slat_ns" : {
          "min" : 0,
          "max" : 0,
          "mean" : 0.000000,
          "stddev" : 0.000000,
          "N" : 0
        },
        "clat_ns" : {
          "min" : 0,
          "max" : 0,
          "mean" : 0.000000,
          "stddev" : 0.000000,
          "N" : 0
        },
        "lat_ns" : {
          "min" : 0,
          "max" : 0,
          "mean" : 0.000000,
          "stddev" : 0.000000,
          "N" : 0
        },
        "bw_min" : 0,
        "bw_max" : 0,
        "bw_agg" : 0.000000,
        "bw_mean" : 0.000000,
        "bw_dev" : 0.000000,
        "bw_samples" : 0,
        "iops_min" : 0,
        "iops_max" : 0,
        "iops_mean" : 0.000000,
        "iops_stddev" : 0.000000,
        "iops_samples" : 0
      },
      "sync" : {
        "total_ios" : 0,
        "lat_ns" : {
          "min" : 0,
          "max" : 0,
          "mean" : 0.000000,
          "stddev" : 0.000000,
          "N" : 0
        }
      },
      "job_runtime" : 30000,
      "usr_cpu" : 1.840000,
      "sys_cpu" : 5.363333,
      "ctx" : 181033,
      "majf" : 0,
      "minf" : 14,
      "iodepth_level" : {
        "1" : 100.000000,
        "2" : 0.000000,
        "4" : 0.000000,
        "8" : 0.000000,
        "16" : 0.000000,
        "32" : 0.000000,
        ">=64" : 0.000000
      },
      "iodepth_submit" : {
        "0" : 0.000000,
        "4" : 100.000000,
        "8" : 0.000000,
        "16" : 0.000000,
        "32" : 0.000000,
        "64" : 0.000000,
        ">=64" : 0.000000
      },
      "iodepth_complete" : {
        "0" : 0.000000,
        "4" : 100.000000,
        "8" : 0.000000,
        "16" : 0.000000,
        "32" : 0.000000,
        "64" : 0.000000,
        ">=64" : 0.000000
      },
      "latency_ns" : {
        "2" : 0.000000,
        "4" : 0.000000,
        "10" : 0.000000,
        "20" : 0.000000,
        "50" : 0.000000,
        "100" : 0.000000,
        "250" : 0.000000,
        "500" : 0.000000,
        "750" : 0.000000,
        "1000" : 0.000000
      },
      "latency_us" : {
        "2" : 0.000000,
        "4" : 0.000000,
        "10" : 0.000000,
        "20" : 0.000000,
        "50" : 0.000000,
        "100" : 0.000000,
        "250" : 96.111651,
        "500" : 3.816537,
        "750" : 0.054135,
        "1000" : 0.014915
      },
      "latency_ms" : {
        "2" : 0.010000,
        "4" : 0.010000,
        "10" : 0.000000,
        "20" : 0.000000,
        "50" : 0.000000,
        "100" : 0.000000,
        "250" : 0.000000,
        "500" : 0.000000,
        "750" : 0.000000,
        "1000" : 0.000000,
        "2000" : 0.000000,
        ">=2000" : 0.000000
      },
      "latency_depth" : 8,
      "latency_target" : 0,
      "latency_percentile" : 100.000000,
      "latency_window" : 0
    }
  ]
}
