{
  "fio version" : "fio-3.28",
  "timestamp" : 1759284247,
  "timestamp_ms" : 1759284247532,
  "time" : "Tue Sep 30 22:04:07 2025",
  "jobs" : [
    {
      "jobname" : "rw_mix_50-50_rep1",
      "groupid" : 0,
      "error" : 0,
      "eta" : 0,
      "elapsed" : 31,
      "job options" : {
        "name" : "rw_mix_50-50_rep1",
        "filename" : "/mnt/y/acs_testfile",
        "rw" : "randrw",
        "bs" : "4k",
        "size" : "1G",
        "runtime" : "30",
        "iodepth" : "8",
        "numjobs" : "1",
        "direct" : "1",
        "randrepeat" : "0",
        "zero_buffers" : "0",
        "rwmixread" : "50"
      },
      "read" : {
        "io_bytes" : 378482688,
        "io_kbytes" : 369612,
        "bw_bytes" : 12615669,
        "bw" : 12319,
        "iops" : 3079.997333,
        "runtime" : 30001,
        "total_ios" : 92403,
        "short_ios" : 0,
        "drop_ios" : 0,
        "slat_ns" : {
          "min" : 0,
          "max" : 0,
          "mean" : 0.000000,
          "stddev" : 0.000000,
          "N" : 0
        },
        "clat_ns" : {
          "min" : 106600,
          "max" : 2111400,
          "mean" : 159828.668442,
          "stddev" : 39785.765814,
          "N" : 92403,
          "percentile" : {
            "1.000000" : 132096,
            "5.000000" : 136192,
            "10.000000" : 136192,
            "20.000000" : 138240,
            "30.000000" : 140288,
            "40.000000" : 144384,
            "50.000000" : 148480,
            "60.000000" : 152576,
            "70.000000" : 158720,
            "80.000000" : 166912,
            "90.000000" : 193536,
            "95.000000" : 234496,
            "99.000000" : 313344,
            "99.500000" : 378880,
            "99.900000" : 497664,
            "99.950000" : 552960,
            "99.990000" : 815104
          }
        },
        "lat_ns" : {
          "min" : 106700,
          "max" : 2111700,
          "mean" : 159986.078915,
          "stddev" : 39800.982606,
          "N" : 92403
        },
        "bw_min" : 10960,
        "bw_max" : 13024,
        "bw_agg" : 100.000000,
        "bw_mean" : 12336.000000,
        "bw_dev" : 431.979565,
        "bw_samples" : 59,
        "iops_min" : 2740,
        "iops_max" : 3256,
        "iops_mean" : 3084.000000,
        "iops_stddev" : 107.994891,
        "iops_samples" : 59
      },
      "write" : {
        "io_bytes" : 376688640,
        "io_kbytes" : 367860,
        "bw_bytes" : 12555869,
        "bw" : 12261,
        "iops" : 3065.397820,
        "runtime" : 30001,
        "total_ios" : 91965,
        "short_ios" : 0,
        "drop_ios" : 0,
        "slat_ns" : {
          "min" : 0,
          "max" : 0,
          "mean" : 0.000000,
          "stddev" : 0.000000,
          "N" : 0
        },
        "clat_ns" : {
          "min" : 109100,
          "max" : 1202200,
          "mean" : 162682.730843,
          "stddev" : 38800.779481,
          "N" : 91965,
          "percentile" : {
            "1.000000" : 134144,
            "5.000000" : 138240,
            "10.000000" : 140288,
            "20.000000" : 142336,
            "30.000000" : 144384,
            "40.000000" : 146432,
            "50.000000" : 150528,
            "60.000000" : 154624,
            "70.000000" : 160768,
            "80.000000" : 171008,
            "90.000000" : 197632,
            "95.000000" : 238592,
            "99.000000" : 313344,
            "99.500000" : 370688,
            "99.900000" : 477184,
            "99.950000" : 561152,
            "99.990000" : 782336
          }
        },
        "lat_ns" : {
          "min" : 109300,
          "max" : 1202400,
          "mean" : 162893.842679,
          "stddev" : 38823.378353,
          "N" : 91965
        },
        "bw_min" : 11272,
        "bw_max" : 13040,
        "bw_agg" : 100.000000,
        "bw_mean" : 12262.915254,
        "bw_dev" : 432.519375,
        "bw_samples" : 59,
        "iops_min" : 2818,
        "iops_max" : 3260,
        "iops_mean" : 3065.728814,
        "iops_stddev" : 108.129844,
        "iops_samples" : 59
      },
      "trim" : {
        "io_bytes" : 0,
        "io_kbytes" : 0,
        "bw_bytes" : 0,
        "bw" : 0,
        "iops" : 0.000000,
        "runtime" : 0,
        "total_ios" : 0,
        "short_ios" : 0,
        "drop_ios" : 0,
        "slat_ns" : {
          "min" : 0,
          "max" : 0,
          "mean" : 0.000000,
          "stddev" : 0.000000,
          "N" : 0
        },
        "clat_ns" : {
          "min" : 0,
          "max" : 0,
          "mean" : 0.000000,
          "stddev" : 0.000000,
          "N" : 0
        },
        "lat_ns" : {
          "min" : 0,
          "max" : 0,
          "mean" : 0.000000,
          "stddev" : 0.000000,
          "N" : 0
        },
        "bw_min" : 0,
        "bw_max" : 0,
        "bw_agg" : 0.000000,
        "bw_mean" : 0.000000,
        "bw_dev" : 0.000000,
        "bw_samples" : 0,
        "iops_min" : 0,
        "iops_max" : 0,
        "iops_mean" : 0.000000,
        "iops_stddev" : 0.000000,
        "iops_samples" : 0
      },
      "sync" : {
        "total_ios" : 0,
        "lat_ns" : {
          "min" : 0,
          "max" : 0,
          "mean" : 0.000000,
          "stddev" : 0.000000,
          "N" : 0
        }
      },
      "job_runtime" : 30000,
      "usr_cpu" : 1.593333,
      "sys_cpu" : 5.393333,
      "ctx" : 184372,
      "majf" : 0,
      "minf" : 14,
      "iodepth_level" : {
        "1" : 100.000000,
        "2" : 0.000000,
        "4" : 0.000000,
        "8" : 0.000000,
        "16" : 0.000000,
        "32" : 0.000000,
        ">=64" : 0.000000
      },
      "iodepth_submit" : {
        "0" : 0.000000,
        "4" : 100.000000,
        "8" : 0.000000,
        "16" : 0.000000,
        "32" : 0.000000,
        "64" : 0.000000,
        ">=64" : 0.000000
      },
      "iodepth_complete" : {
        "0" : 0.000000,
        "4" : 100.000000,
        "8" : 0.000000,
        "16" : 0.000000,
        "32" : 0.000000,
        "64" : 0.000000,
        ">=64" : 0.000000
      },
      "latency_ns" : {
        "2" : 0.000000,
        "4" : 0.000000,
        "10" : 0.000000,
        "20" : 0.000000,
        "50" : 0.000000,
        "100" : 0.000000,
        "250" : 0.000000,
        "500" : 0.000000,
        "750" : 0.000000,
        "1000" : 0.000000
      },
      "latency_us" : {
        "2" : 0.000000,
        "4" : 0.000000,
        "10" : 0.000000,
        "20" : 0.000000,
        "50" : 0.000000,
        "100" : 0.000000,
        "250" : 96.099649,
        "500" : 3.811941,
        "750" : 0.068342,
        "1000" : 0.015729
      },
      "latency_ms" : {
        "2" : 0.010000,
        "4" : 0.010000,
        "10" : 0.000000,
        "20" : 0.000000,
        "50" : 0.000000,
        "100" : 0.000000,
        "250" : 0.000000,
        "500" : 0.000000,
        "750" : 0.000000,
        "1000" : 0.000000,
        "2000" : 0.000000,
        ">=2000" : 0.000000
      },
      "latency_depth" : 8,
      "latency_target" : 0,
      "latency_percentile" : 100.000000,
      "latency_window" : 0
    }
  ]
}
