{
  "fio version" : "fio-3.28",
  "timestamp" : 1759284217,
  "timestamp_ms" : 1759284217180,
  "time" : "Tue Sep 30 22:03:37 2025",
  "jobs" : [
    {
      "jobname" : "rw_mix_70-30_rep3",
      "groupid" : 0,
      "error" : 0,
      "eta" : 0,
      "elapsed" : 31,
      "job options" : {
        "name" : "rw_mix_70-30_rep3",
        "filename" : "/mnt/y/acs_testfile",
        "rw" : "randrw",
        "bs" : "4k",
        "size" : "1G",
        "runtime" : "30",
        "iodepth" : "8",
        "numjobs" : "1",
        "direct" : "1",
        "randrepeat" : "0",
        "zero_buffers" : "0",
        "rwmixread" : "70"
      },
      "read" : {
        "io_bytes" : 528199680,
        "io_kbytes" : 515820,
        "bw_bytes" : 17606069,
        "bw" : 17193,
        "iops" : 4298.356721,
        "runtime" : 30001,
        "total_ios" : 128955,
        "short_ios" : 0,
        "drop_ios" : 0,
        "slat_ns" : {
          "min" : 0,
          "max" : 0,
          "mean" : 0.000000,
          "stddev" : 0.000000,
          "N" : 0
        },
        "clat_ns" : {
          "min" : 99900,
          "max" : 1182300,
          "mean" : 159859.923376,
          "stddev" : 39420.894044,
          "N" : 128955,
          "percentile" : {
            "1.000000" : 132096,
            "5.000000" : 134144,
            "10.000000" : 136192,
            "20.000000" : 138240,
            "30.000000" : 140288,
            "40.000000" : 144384,
            "50.000000" : 148480,
            "60.000000" : 152576,
            "70.000000" : 158720,
            "80.000000" : 168960,
            "90.000000" : 193536,
            "95.000000" : 234496,
            "99.000000" : 313344,
            "99.500000" : 374784,
            "99.900000" : 509952,
            "99.950000" : 634880,
            "99.990000" : 806912
          }
        },
        "lat_ns" : {
          "min" : 100100,
          "max" : 1182500,
          "mean" : 160027.076259,
          "stddev" : 39434.077233,
          "N" : 128955
        },
        "bw_min" : 15552,
        "bw_max" : 17920,
        "bw_agg" : 100.000000,
        "bw_mean" : 17203.254237,
        "bw_dev" : 574.194716,
        "bw_samples" : 59,
        "iops_min" : 3888,
        "iops_max" : 4480,
        "iops_mean" : 4300.813559,
        "iops_stddev" : 143.548679,
        "iops_samples" : 59
      },
      "write" : {
        "io_bytes" : 226574336,
        "io_kbytes" : 221264,
        "bw_bytes" : 7552226,
        "bw" : 7375,
        "iops" : 1843.805206,
        "runtime" : 30001,
        "total_ios" : 55316,
        "short_ios" : 0,
        "drop_ios" : 0,
        "slat_ns" : {
          "min" : 0,
          "max" : 0,
          "mean" : 0.000000,
          "stddev" : 0.000000,
          "N" : 0
        },
        "clat_ns" : {
          "min" : 106800,
          "max" : 1344400,
          "mean" : 164681.773086,
          "stddev" : 39791.403368,
          "N" : 55316,
          "percentile" : {
            "1.000000" : 136192,
            "5.000000" : 138240,
            "10.000000" : 140288,
            "20.000000" : 142336,
            "30.000000" : 144384,
            "40.000000" : 148480,
            "50.000000" : 152576,
            "60.000000" : 156672,
            "70.000000" : 162816,
            "80.000000" : 175104,
            "90.000000" : 201728,
            "95.000000" : 242688,
            "99.000000" : 321536,
            "99.500000" : 387072,
            "99.900000" : 481280,
            "99.950000" : 544768,
            "99.990000" : 757760
          }
        },
        "lat_ns" : {
          "min" : 107000,
          "max" : 1344600,
          "mean" : 164892.775327,
          "stddev" : 39811.497444,
          "N" : 55316
        },
        "bw_min" : 6184,
        "bw_max" : 8168,
        "bw_agg" : 100.000000,
        "bw_mean" : 7376.406780,
        "bw_dev" : 352.981152,
        "bw_samples" : 59,
        "iops_min" : 1546,
        "iops_max" : 2042,
        "iops_mean" : 1844.101695,
        "iops_stddev" : 88.245288,
        "iops_samples" : 59
      },
      "trim" : {
        "io_bytes" : 0,
        "io_kbytes" : 0,
        "bw_bytes" : 0,
        "bw" : 0,
        "iops" : 0.000000,
        "runtime" : 0,
        "total_ios" : 0,
        "short_ios" : 0,
        "drop_ios" : 0,
        "slat_ns" : {
          "min" : 0,
          "max" : 0,
          "mean" : 0.000000,
          "stddev" : 0.000000,
          "N" : 0
        },
        "clat_ns" : {
          "min" : 0,
          "max" : 0,
          "mean" : 0.000000,
          "stddev" : 0.000000,
          "N" : 0
        },
        "lat_ns" : {
          "min" : 0,
          "max" : 0,
          "mean" : 0.000000,
          "stddev" : 0.000000,
          "N" : 0
        },
        "bw_min" : 0,
        "bw_max" : 0,
        "bw_agg" : 0.000000,
        "bw_mean" : 0.000000,
        "bw_dev" : 0.000000,
        "bw_samples" : 0,
        "iops_min" : 0,
        "iops_max" : 0,
        "iops_mean" : 0.000000,
        "iops_stddev" : 0.000000,
        "iops_samples" : 0
      },
      "sync" : {
        "total_ios" : 0,
        "lat_ns" : {
          "min" : 0,
          "max" : 0,
          "mean" : 0.000000,
          "stddev" : 0.000000,
          "N" : 0
        }
      },
      "job_runtime" : 30000,
      "usr_cpu" : 1.700000,
      "sys_cpu" : 5.263333,
      "ctx" : 184276,
      "majf" : 0,
      "minf" : 13,
      "iodepth_level" : {
        "1" : 100.000000,
        "2" : 0.000000,
        "4" : 0.000000,
        "8" : 0.000000,
        "16" : 0.000000,
        "32" : 0.000000,
        ">=64" : 0.000000
      },
      "iodepth_submit" : {
        "0" : 0.000000,
        "4" : 100.000000,
        "8" : 0.000000,
        "16" : 0.000000,
        "32" : 0.000000,
        "64" : 0.000000,
        ">=64" : 0.000000
      },
      "iodepth_complete" : {
        "0" : 0.000000,
        "4" : 100.000000,
        "8" : 0.000000,
        "16" : 0.000000,
        "32" : 0.000000,
        "64" : 0.000000,
        ">=64" : 0.000000
      },
      "latency_ns" : {
        "2" : 0.000000,
        "4" : 0.000000,
        "10" : 0.000000,
        "20" : 0.000000,
        "50" : 0.000000,
        "100" : 0.000000,
        "250" : 0.000000,
        "500" : 0.000000,
        "750" : 0.000000,
        "1000" : 0.000000
      },
      "latency_us" : {
        "2" : 0.000000,
        "4" : 0.000000,
        "10" : 0.000000,
        "20" : 0.000000,
        "50" : 0.000000,
        "100" : 0.010000,
        "250" : 96.085656,
        "500" : 3.813405,
        "750" : 0.084658,
        "1000" : 0.012482
      },
      "latency_ms" : {
        "2" : 0.010000,
        "4" : 0.000000,
        "10" : 0.000000,
        "20" : 0.000000,
        "50" : 0.000000,
        "100" : 0.000000,
        "250" : 0.000000,
        "500" : 0.000000,
        "750" : 0.000000,
        "1000" : 0.000000,
        "2000" : 0.000000,
        ">=2000" : 0.000000
      },
      "latency_depth" : 8,
      "latency_target" : 0,
      "latency_percentile" : 100.000000,
      "latency_window" : 0
    }
  ]
}
