{
  "fio version" : "fio-3.28",
  "timestamp" : 1759284156,
  "timestamp_ms" : 1759284156600,
  "time" : "Tue Sep 30 22:02:36 2025",
  "jobs" : [
    {
      "jobname" : "rw_mix_70-30_rep1",
      "groupid" : 0,
      "error" : 0,
      "eta" : 0,
      "elapsed" : 31,
      "job options" : {
        "name" : "rw_mix_70-30_rep1",
        "filename" : "/mnt/y/acs_testfile",
        "rw" : "randrw",
        "bs" : "4k",
        "size" : "1G",
        "runtime" : "30",
        "iodepth" : "8",
        "numjobs" : "1",
        "direct" : "1",
        "randrepeat" : "0",
        "zero_buffers" : "0",
        "rwmixread" : "70"
      },
      "read" : {
        "io_bytes" : 532357120,
        "io_kbytes" : 519880,
        "bw_bytes" : 17744645,
        "bw" : 17328,
        "iops" : 4332.188927,
        "runtime" : 30001,
        "total_ios" : 129970,
        "short_ios" : 0,
        "drop_ios" : 0,
        "slat_ns" : {
          "min" : 0,
          "max" : 0,
          "mean" : 0.000000,
          "stddev" : 0.000000,
          "N" : 0
        },
        "clat_ns" : {
          "min" : 101000,
          "max" : 8847900,
          "mean" : 159033.822798,
          "stddev" : 45179.506236,
          "N" : 129970,
          "percentile" : {
            "1.000000" : 132096,
            "5.000000" : 136192,
            "10.000000" : 136192,
            "20.000000" : 138240,
            "30.000000" : 140288,
            "40.000000" : 144384,
            "50.000000" : 146432,
            "60.000000" : 150528,
            "70.000000" : 156672,
            "80.000000" : 166912,
            "90.000000" : 191488,
            "95.000000" : 230400,
            "99.000000" : 309248,
            "99.500000" : 370688,
            "99.900000" : 481280,
            "99.950000" : 569344,
            "99.990000" : 954368
          }
        },
        "lat_ns" : {
          "min" : 101200,
          "max" : 8848000,
          "mean" : 159185.947911,
          "stddev" : 45190.470041,
          "N" : 129970
        },
        "bw_min" : 15688,
        "bw_max" : 18472,
        "bw_agg" : 100.000000,
        "bw_mean" : 17351.322034,
        "bw_dev" : 562.803403,
        "bw_samples" : 59,
        "iops_min" : 3922,
        "iops_max" : 4618,
        "iops_mean" : 4337.830508,
        "iops_stddev" : 140.700851,
        "iops_samples" : 59
      },
      "write" : {
        "io_bytes" : 226816000,
        "io_kbytes" : 221500,
        "bw_bytes" : 7560281,
        "bw" : 7383,
        "iops" : 1845.771808,
        "runtime" : 30001,
        "total_ios" : 55375,
        "short_ios" : 0,
        "drop_ios" : 0,
        "slat_ns" : {
          "min" : 0,
          "max" : 0,
          "mean" : 0.000000,
          "stddev" : 0.000000,
          "N" : 0
        },
        "clat_ns" : {
          "min" : 103800,
          "max" : 1297000,
          "mean" : 163785.280343,
          "stddev" : 40217.905650,
          "N" : 55375,
          "percentile" : {
            "1.000000" : 136192,
            "5.000000" : 138240,
            "10.000000" : 140288,
            "20.000000" : 142336,
            "30.000000" : 144384,
            "40.000000" : 148480,
            "50.000000" : 150528,
            "60.000000" : 156672,
            "70.000000" : 162816,
            "80.000000" : 173056,
            "90.000000" : 197632,
            "95.000000" : 236544,
            "99.000000" : 329728,
            "99.500000" : 399360,
            "99.900000" : 509952,
            "99.950000" : 618496,
            "99.990000" : 774144
          }
        },
        "lat_ns" : {
          "min" : 104000,
          "max" : 1297200,
          "mean" : 163996.595919,
          "stddev" : 40235.199096,
          "N" : 55375
        },
        "bw_min" : 6696,
        "bw_max" : 7912,
        "bw_agg" : 100.000000,
        "bw_mean" : 7388.610169,
        "bw_dev" : 278.205891,
        "bw_samples" : 59,
        "iops_min" : 1674,
        "iops_max" : 1978,
        "iops_mean" : 1847.152542,
        "iops_stddev" : 69.551473,
        "iops_samples" : 59
      },
      "trim" : {
        "io_bytes" : 0,
        "io_kbytes" : 0,
        "bw_bytes" : 0,
        "bw" : 0,
        "iops" : 0.000000,
        "runtime" : 0,
        "total_ios" : 0,
        "short_ios" : 0,
        "drop_ios" : 0,
        "slat_ns" : {
          "min" : 0,
          "max" : 0,
          "mean" : 0.000000,
          "stddev" : 0.000000,
          "N" : 0
        },
        "clat_ns" : {
          "min" : 0,
          "max" : 0,
          "mean" : 0.000000,
          "stddev" : 0.000000,
          "N" : 0
        },
        "lat_ns" : {
          "min" : 0,
          "max" : 0,
          "mean" : 0.000000,
          "stddev" : 0.000000,
          "N" : 0
        },
        "bw_min" : 0,
        "bw_max" : 0,
        "bw_agg" : 0.000000,
        "bw_mean" : 0.000000,
        "bw_dev" : 0.000000,
        "bw_samples" : 0,
        "iops_min" : 0,
        "iops_max" : 0,
        "iops_mean" : 0.000000,
        "iops_stddev" : 0.000000,
        "iops_samples" : 0
      },
      "sync" : {
        "total_ios" : 0,
        "lat_ns" : {
          "min" : 0,
          "max" : 0,
          "mean" : 0.000000,
          "stddev" : 0.000000,
          "N" : 0
        }
      },
      "job_runtime" : 30000,
      "usr_cpu" : 1.473333,
      "sys_cpu" : 5.453333,
      "ctx" : 185352,
      "majf" : 0,
      "minf" : 14,
      "iodepth_level" : {
        "1" : 100.000000,
        "2" : 0.000000,
        "4" : 0.000000,
        "8" : 0.000000,
        "16" : 0.000000,
        "32" : 0.000000,
        ">=64" : 0.000000
      },
      "iodepth_submit" : {
        "0" : 0.000000,
        "4" : 100.000000,
        "8" : 0.000000,
        "16" : 0.000000,
        "32" : 0.000000,
        "64" : 0.000000,
        ">=64" : 0.000000
      },
      "iodepth_complete" : {
        "0" : 0.000000,
        "4" : 100.000000,
        "8" : 0.000000,
        "16" : 0.000000,
        "32" : 0.000000,
        "64" : 0.000000,
        ">=64" : 0.000000
      },
      "latency_ns" : {
        "2" : 0.000000,
        "4" : 0.000000,
        "10" : 0.000000,
        "20" : 0.000000,
        "50" : 0.000000,
        "100" : 0.000000,
        "250" : 0.000000,
        "500" : 0.000000,
        "750" : 0.000000,
        "1000" : 0.000000
      },
      "latency_us" : {
        "2" : 0.000000,
        "4" : 0.000000,
        "10" : 0.000000,
        "20" : 0.000000,
        "50" : 0.000000,
        "100" : 0.000000,
        "250" : 96.377027,
        "500" : 3.530713,
        "750" : 0.075535,
        "1000" : 0.010000
      },
      "latency_ms" : {
        "2" : 0.010000,
        "4" : 0.000000,
        "10" : 0.010000,
        "20" : 0.000000,
        "50" : 0.000000,
        "100" : 0.000000,
        "250" : 0.000000,
        "500" : 0.000000,
        "750" : 0.000000,
        "1000" : 0.000000,
        "2000" : 0.000000,
        ">=2000" : 0.000000
      },
      "latency_depth" : 8,
      "latency_target" : 0,
      "latency_percentile" : 100.000000,
      "latency_window" : 0
    }
  ]
}
