{
  "fio version" : "fio-3.28",
  "timestamp" : 1759284186,
  "timestamp_ms" : 1759284186888,
  "time" : "Tue Sep 30 22:03:06 2025",
  "jobs" : [
    {
      "jobname" : "rw_mix_70-30_rep2",
      "groupid" : 0,
      "error" : 0,
      "eta" : 0,
      "elapsed" : 31,
      "job options" : {
        "name" : "rw_mix_70-30_rep2",
        "filename" : "/mnt/y/acs_testfile",
        "rw" : "randrw",
        "bs" : "4k",
        "size" : "1G",
        "runtime" : "30",
        "iodepth" : "8",
        "numjobs" : "1",
        "direct" : "1",
        "randrepeat" : "0",
        "zero_buffers" : "0",
        "rwmixread" : "70"
      },
      "read" : {
        "io_bytes" : 526548992,
        "io_kbytes" : 514208,
        "bw_bytes" : 17551048,
        "bw" : 17139,
        "iops" : 4284.923836,
        "runtime" : 30001,
        "total_ios" : 128552,
        "short_ios" : 0,
        "drop_ios" : 0,
        "slat_ns" : {
          "min" : 0,
          "max" : 0,
          "mean" : 0.000000,
          "stddev" : 0.000000,
          "N" : 0
        },
        "clat_ns" : {
          "min" : 106600,
          "max" : 3514600,
          "mean" : 160544.578575,
          "stddev" : 39675.728169,
          "N" : 128552,
          "percentile" : {
            "1.000000" : 132096,
            "5.000000" : 136192,
            "10.000000" : 136192,
            "20.000000" : 140288,
            "30.000000" : 142336,
            "40.000000" : 144384,
            "50.000000" : 148480,
            "60.000000" : 152576,
            "70.000000" : 158720,
            "80.000000" : 171008,
            "90.000000" : 195584,
            "95.000000" : 230400,
            "99.000000" : 313344,
            "99.500000" : 378880,
            "99.900000" : 481280,
            "99.950000" : 569344,
            "99.990000" : 806912
          }
        },
        "lat_ns" : {
          "min" : 106700,
          "max" : 3514900,
          "mean" : 160701.064659,
          "stddev" : 39691.308751,
          "N" : 128552
        },
        "bw_min" : 14864,
        "bw_max" : 18288,
        "bw_agg" : 100.000000,
        "bw_mean" : 17155.254237,
        "bw_dev" : 789.173806,
        "bw_samples" : 59,
        "iops_min" : 3716,
        "iops_max" : 4572,
        "iops_mean" : 4288.813559,
        "iops_stddev" : 197.293452,
        "iops_samples" : 59
      },
      "write" : {
        "io_bytes" : 224968704,
        "io_kbytes" : 219696,
        "bw_bytes" : 7498706,
        "bw" : 7322,
        "iops" : 1830.738975,
        "runtime" : 30001,
        "total_ios" : 54924,
        "short_ios" : 0,
        "drop_ios" : 0,
        "slat_ns" : {
          "min" : 0,
          "max" : 0,
          "mean" : 0.000000,
          "stddev" : 0.000000,
          "N" : 0
        },
        "clat_ns" : {
          "min" : 111100,
          "max" : 1435700,
          "mean" : 165395.951642,
          "stddev" : 40698.172405,
          "N" : 54924,
          "percentile" : {
            "1.000000" : 136192,
            "5.000000" : 138240,
            "10.000000" : 140288,
            "20.000000" : 142336,
            "30.000000" : 146432,
            "40.000000" : 148480,
            "50.000000" : 152576,
            "60.000000" : 156672,
            "70.000000" : 164864,
            "80.000000" : 175104,
            "90.000000" : 201728,
            "95.000000" : 238592,
            "99.000000" : 329728,
            "99.500000" : 395264,
            "99.900000" : 501760,
            "99.950000" : 618496,
            "99.990000" : 864256
          }
        },
        "lat_ns" : {
          "min" : 111200,
          "max" : 1436000,
          "mean" : 165600.111936,
          "stddev" : 40716.806387,
          "N" : 54924
        },
        "bw_min" : 6256,
        "bw_max" : 7920,
        "bw_agg" : 100.000000,
        "bw_mean" : 7334.372881,
        "bw_dev" : 405.190543,
        "bw_samples" : 59,
        "iops_min" : 1564,
        "iops_max" : 1980,
        "iops_mean" : 1833.593220,
        "iops_stddev" : 101.297636,
        "iops_samples" : 59
      },
      "trim" : {
        "io_bytes" : 0,
        "io_kbytes" : 0,
        "bw_bytes" : 0,
        "bw" : 0,
        "iops" : 0.000000,
        "runtime" : 0,
        "total_ios" : 0,
        "short_ios" : 0,
        "drop_ios" : 0,
        "slat_ns" : {
          "min" : 0,
          "max" : 0,
          "mean" : 0.000000,
          "stddev" : 0.000000,
          "N" : 0
        },
        "clat_ns" : {
          "min" : 0,
          "max" : 0,
          "mean" : 0.000000,
          "stddev" : 0.000000,
          "N" : 0
        },
        "lat_ns" : {
          "min" : 0,
          "max" : 0,
          "mean" : 0.000000,
          "stddev" : 0.000000,
          "N" : 0
        },
        "bw_min" : 0,
        "bw_max" : 0,
        "bw_agg" : 0.000000,
        "bw_mean" : 0.000000,
        "bw_dev" : 0.000000,
        "bw_samples" : 0,
        "iops_min" : 0,
        "iops_max" : 0,
        "iops_mean" : 0.000000,
        "iops_stddev" : 0.000000,
        "iops_samples" : 0
      },
      "sync" : {
        "total_ios" : 0,
        "lat_ns" : {
          "min" : 0,
          "max" : 0,
          "mean" : 0.000000,
          "stddev" : 0.000000,
          "N" : 0
        }
      },
      "job_runtime" : 30000,
      "usr_cpu" : 1.833333,
      "sys_cpu" : 5.296667,
      "ctx" : 183482,
      "majf" : 0,
      "minf" : 16,
      "iodepth_level" : {
        "1" : 100.000000,
        "2" : 0.000000,
        "4" : 0.000000,
        "8" : 0.000000,
        "16" : 0.000000,
        "32" : 0.000000,
        ">=64" : 0.000000
      },
      "iodepth_submit" : {
        "0" : 0.000000,
        "4" : 100.000000,
        "8" : 0.000000,
        "16" : 0.000000,
        "32" : 0.000000,
        "64" : 0.000000,
        ">=64" : 0.000000
      },
      "iodepth_complete" : {
        "0" : 0.000000,
        "4" : 100.000000,
        "8" : 0.000000,
        "16" : 0.000000,
        "32" : 0.000000,
        "64" : 0.000000,
        ">=64" : 0.000000
      },
      "latency_ns" : {
        "2" : 0.000000,
        "4" : 0.000000,
        "10" : 0.000000,
        "20" : 0.000000,
        "50" : 0.000000,
        "100" : 0.000000,
        "250" : 0.000000,
        "500" : 0.000000,
        "750" : 0.000000,
        "1000" : 0.000000
      },
      "latency_us" : {
        "2" : 0.000000,
        "4" : 0.000000,
        "10" : 0.000000,
        "20" : 0.000000,
        "50" : 0.000000,
        "100" : 0.000000,
        "250" : 96.299789,
        "500" : 3.616277,
        "750" : 0.067039,
        "1000" : 0.013626
      },
      "latency_ms" : {
        "2" : 0.010000,
        "4" : 0.010000,
        "10" : 0.000000,
        "20" : 0.000000,
        "50" : 0.000000,
        "100" : 0.000000,
        "250" : 0.000000,
        "500" : 0.000000,
        "750" : 0.000000,
        "1000" : 0.000000,
        "2000" : 0.000000,
        ">=2000" : 0.000000
      },
      "latency_depth" : 8,
      "latency_target" : 0,
      "latency_percentile" : 100.000000,
      "latency_window" : 0
    }
  ]
}
