{
  "fio version" : "fio-3.28",
  "timestamp" : 1759374499,
  "timestamp_ms" : 1759374499579,
  "time" : "Wed Oct  1 23:08:19 2025",
  "jobs" : [
    {
      "jobname" : "qd_sweep_nj16_rep3",
      "groupid" : 0,
      "error" : 0,
      "eta" : 0,
      "elapsed" : 31,
      "job options" : {
        "name" : "qd_sweep_nj16_rep3",
        "filename" : "/mnt/y/acs_testfile",
        "rw" : "randread",
        "bs" : "4k",
        "size" : "1G",
        "runtime" : "30",
        "iodepth" : "1",
        "numjobs" : "16",
        "direct" : "1",
        "randrepeat" : "0",
        "zero_buffers" : "0"
      },
      "read" : {
        "io_bytes" : 3339534336,
        "io_kbytes" : 3261264,
        "bw_bytes" : 111314100,
        "bw" : 108705,
        "iops" : 27176.294124,
        "runtime" : 30001,
        "total_ios" : 815316,
        "short_ios" : 0,
        "drop_ios" : 0,
        "slat_ns" : {
          "min" : 0,
          "max" : 0,
          "mean" : 0.000000,
          "stddev" : 0.000000,
          "N" : 0
        },
        "clat_ns" : {
          "min" : 207500,
          "max" : 12446100,
          "mean" : 586888.699372,
          "stddev" : 114267.425107,
          "N" : 815316,
          "percentile" : {
            "1.000000" : 452608,
            "5.000000" : 489472,
            "10.000000" : 505856,
            "20.000000" : 528384,
            "30.000000" : 544768,
            "40.000000" : 561152,
            "50.000000" : 569344,
            "60.000000" : 585728,
            "70.000000" : 602112,
            "80.000000" : 626688,
            "90.000000" : 667648,
            "95.000000" : 716800,
            "99.000000" : 954368,
            "99.500000" : 1073152,
            "99.900000" : 1515520,
            "99.950000" : 1761280,
            "99.990000" : 2801664
          }
        },
        "lat_ns" : {
          "min" : 207700,
          "max" : 12446400,
          "mean" : 587081.600162,
          "stddev" : 114269.267638,
          "N" : 815316
        },
        "bw_min" : 103728,
        "bw_max" : 110992,
        "bw_agg" : 100.000000,
        "bw_mean" : 108736.000000,
        "bw_dev" : 94.268464,
        "bw_samples" : 944,
        "iops_min" : 25932,
        "iops_max" : 27748,
        "iops_mean" : 27184.000000,
        "iops_stddev" : 23.567116,
        "iops_samples" : 944
      },
      "write" : {
        "io_bytes" : 0,
        "io_kbytes" : 0,
        "bw_bytes" : 0,
        "bw" : 0,
        "iops" : 0.000000,
        "runtime" : 0,
        "total_ios" : 0,
        "short_ios" : 0,
        "drop_ios" : 0,
        "slat_ns" : {
          "min" : 0,
          "max" : 0,
          "mean" : 0.000000,
          "stddev" : 0.000000,
          "N" : 0
        },
        "clat_ns" : {
          "min" : 0,
          "max" : 0,
          "mean" : 0.000000,
          "stddev" : 0.000000,
          "N" : 0
        },
        "lat_ns" : {
          "min" : 0,
          "max" : 0,
          "mean" : 0.000000,
          "stddev" : 0.000000,
          "N" : 0
        },
        "bw_min" : 0,
        "bw_max" : 0,
        "bw_agg" : 0.000000,
        "bw_mean" : 0.000000,
        "bw_dev" : 0.000000,
        "bw_samples" : 0,
        "iops_min" : 0,
        "iops_max" : 0,
        "iops_mean" : 0.000000,
        "iops_stddev" : 0.000000,
        "iops_samples" : 0
      },
      "trim" : {
        "io_bytes" : 0,
        "io_kbytes" : 0,
        "bw_bytes" : 0,
        "bw" : 0,
        "iops" : 0.000000,
        "runtime" : 0,
        "total_ios" : 0,
        "short_ios" : 0,
        "drop_ios" : 0,
        "slat_ns" : {
          "min" : 0,
          "max" : 0,
          "mean" : 0.000000,
          "stddev" : 0.000000,
          "N" : 0
        },
        "clat_ns" : {
          "min" : 0,
          "max" : 0,
          "mean" : 0.000000,
          "stddev" : 0.000000,
          "N" : 0
        },
        "lat_ns" : {
          "min" : 0,
          "max" : 0,
          "mean" : 0.000000,
          "stddev" : 0.000000,
          "N" : 0
        },
        "bw_min" : 0,
        "bw_max" : 0,
        "bw_agg" : 0.000000,
        "bw_mean" : 0.000000,
        "bw_dev" : 0.000000,
        "bw_samples" : 0,
        "iops_min" : 0,
        "iops_max" : 0,
        "iops_mean" : 0.000000,
        "iops_stddev" : 0.000000,
        "iops_samples" : 0
      },
      "sync" : {
        "total_ios" : 0,
        "lat_ns" : {
          "min" : 0,
          "max" : 0,
          "mean" : 0.000000,
          "stddev" : 0.000000,
          "N" : 0
        }
      },
      "job_runtime" : 480000,
      "usr_cpu" : 0.859583,
      "sys_cpu" : 3.991250,
      "ctx" : 1229539,
      "majf" : 0,
      "minf" : 194,
      "iodepth_level" : {
        "1" : 100.000000,
        "2" : 0.000000,
        "4" : 0.000000,
        "8" : 0.000000,
        "16" : 0.000000,
        "32" : 0.000000,
        ">=64" : 0.000000
      },
      "iodepth_submit" : {
        "0" : 0.000000,
        "4" : 100.000000,
        "8" : 0.000000,
        "16" : 0.000000,
        "32" : 0.000000,
        "64" : 0.000000,
        ">=64" : 0.000000
      },
      "iodepth_complete" : {
        "0" : 0.000000,
        "4" : 100.000000,
        "8" : 0.000000,
        "16" : 0.000000,
        "32" : 0.000000,
        "64" : 0.000000,
        ">=64" : 0.000000
      },
      "latency_ns" : {
        "2" : 0.000000,
        "4" : 0.000000,
        "10" : 0.000000,
        "20" : 0.000000,
        "50" : 0.000000,
        "100" : 0.000000,
        "250" : 0.000000,
        "500" : 0.000000,
        "750" : 0.000000,
        "1000" : 0.000000
      },
      "latency_us" : {
        "2" : 0.000000,
        "4" : 0.000000,
        "10" : 0.000000,
        "20" : 0.000000,
        "50" : 0.000000,
        "100" : 0.000000,
        "250" : 0.010000,
        "500" : 8.193878,
        "750" : 88.030408,
        "1000" : 3.035878
      },
      "latency_ms" : {
        "2" : 0.714938,
        "4" : 0.019134,
        "10" : 0.010000,
        "20" : 0.010000,
        "50" : 0.000000,
        "100" : 0.000000,
        "250" : 0.000000,
        "500" : 0.000000,
        "750" : 0.000000,
        "1000" : 0.000000,
        "2000" : 0.000000,
        ">=2000" : 0.000000
      },
      "latency_depth" : 1,
      "latency_target" : 0,
      "latency_percentile" : 100.000000,
      "latency_window" : 0
    }
  ]
}
