{
  "fio version" : "fio-3.28",
  "timestamp" : 1759374803,
  "timestamp_ms" : 1759374803021,
  "time" : "Wed Oct  1 23:13:23 2025",
  "jobs" : [
    {
      "jobname" : "qd_sweep_nj8_rep1",
      "groupid" : 0,
      "error" : 0,
      "eta" : 0,
      "elapsed" : 31,
      "job options" : {
        "name" : "qd_sweep_nj8_rep1",
        "filename" : "/mnt/y/acs_testfile",
        "rw" : "randread",
        "bs" : "4k",
        "size" : "1G",
        "runtime" : "30",
        "iodepth" : "1",
        "numjobs" : "8",
        "direct" : "1",
        "randrepeat" : "0",
        "zero_buffers" : "0"
      },
      "read" : {
        "io_bytes" : 3022426112,
        "io_kbytes" : 2951588,
        "bw_bytes" : 100744178,
        "bw" : 98382,
        "iops" : 24595.746808,
        "runtime" : 30001,
        "total_ios" : 737897,
        "short_ios" : 0,
        "drop_ios" : 0,
        "slat_ns" : {
          "min" : 0,
          "max" : 0,
          "mean" : 0.000000,
          "stddev" : 0.000000,
          "N" : 0
        },
        "clat_ns" : {
          "min" : 158900,
          "max" : 2623700,
          "mean" : 323528.738482,
          "stddev" : 71566.164202,
          "N" : 737897,
          "percentile" : {
            "1.000000" : 222208,
            "5.000000" : 244736,
            "10.000000" : 257024,
            "20.000000" : 272384,
            "30.000000" : 284672,
            "40.000000" : 296960,
            "50.000000" : 313344,
            "60.000000" : 325632,
            "70.000000" : 342016,
            "80.000000" : 362496,
            "90.000000" : 399360,
            "95.000000" : 436224,
            "99.000000" : 544768,
            "99.500000" : 643072,
            "99.900000" : 937984,
            "99.950000" : 1105920,
            "99.990000" : 1564672
          }
        },
        "lat_ns" : {
          "min" : 159100,
          "max" : 2623800,
          "mean" : 323707.414910,
          "stddev" : 71568.867101,
          "N" : 737897
        },
        "bw_min" : 90712,
        "bw_max" : 101376,
        "bw_agg" : 100.000000,
        "bw_mean" : 98442.033898,
        "bw_dev" : 302.685020,
        "bw_samples" : 472,
        "iops_min" : 22678,
        "iops_max" : 25344,
        "iops_mean" : 24610.508475,
        "iops_stddev" : 75.671255,
        "iops_samples" : 472
      },
      "write" : {
        "io_bytes" : 0,
        "io_kbytes" : 0,
        "bw_bytes" : 0,
        "bw" : 0,
        "iops" : 0.000000,
        "runtime" : 0,
        "total_ios" : 0,
        "short_ios" : 0,
        "drop_ios" : 0,
        "slat_ns" : {
          "min" : 0,
          "max" : 0,
          "mean" : 0.000000,
          "stddev" : 0.000000,
          "N" : 0
        },
        "clat_ns" : {
          "min" : 0,
          "max" : 0,
          "mean" : 0.000000,
          "stddev" : 0.000000,
          "N" : 0
        },
        "lat_ns" : {
          "min" : 0,
          "max" : 0,
          "mean" : 0.000000,
          "stddev" : 0.000000,
          "N" : 0
        },
        "bw_min" : 0,
        "bw_max" : 0,
        "bw_agg" : 0.000000,
        "bw_mean" : 0.000000,
        "bw_dev" : 0.000000,
        "bw_samples" : 0,
        "iops_min" : 0,
        "iops_max" : 0,
        "iops_mean" : 0.000000,
        "iops_stddev" : 0.000000,
        "iops_samples" : 0
      },
      "trim" : {
        "io_bytes" : 0,
        "io_kbytes" : 0,
        "bw_bytes" : 0,
        "bw" : 0,
        "iops" : 0.000000,
        "runtime" : 0,
        "total_ios" : 0,
        "short_ios" : 0,
        "drop_ios" : 0,
        "slat_ns" : {
          "min" : 0,
          "max" : 0,
          "mean" : 0.000000,
          "stddev" : 0.000000,
          "N" : 0
        },
        "clat_ns" : {
          "min" : 0,
          "max" : 0,
          "mean" : 0.000000,
          "stddev" : 0.000000,
          "N" : 0
        },
        "lat_ns" : {
          "min" : 0,
          "max" : 0,
          "mean" : 0.000000,
          "stddev" : 0.000000,
          "N" : 0
        },
        "bw_min" : 0,
        "bw_max" : 0,
        "bw_agg" : 0.000000,
        "bw_mean" : 0.000000,
        "bw_dev" : 0.000000,
        "bw_samples" : 0,
        "iops_min" : 0,
        "iops_max" : 0,
        "iops_mean" : 0.000000,
        "iops_stddev" : 0.000000,
        "iops_samples" : 0
      },
      "sync" : {
        "total_ios" : 0,
        "lat_ns" : {
          "min" : 0,
          "max" : 0,
          "mean" : 0.000000,
          "stddev" : 0.000000,
          "N" : 0
        }
      },
      "job_runtime" : 240000,
      "usr_cpu" : 1.286667,
      "sys_cpu" : 6.792500,
      "ctx" : 1057761,
      "majf" : 0,
      "minf" : 108,
      "iodepth_level" : {
        "1" : 100.000000,
        "2" : 0.000000,
        "4" : 0.000000,
        "8" : 0.000000,
        "16" : 0.000000,
        "32" : 0.000000,
        ">=64" : 0.000000
      },
      "iodepth_submit" : {
        "0" : 0.000000,
        "4" : 100.000000,
        "8" : 0.000000,
        "16" : 0.000000,
        "32" : 0.000000,
        "64" : 0.000000,
        ">=64" : 0.000000
      },
      "iodepth_complete" : {
        "0" : 0.000000,
        "4" : 100.000000,
        "8" : 0.000000,
        "16" : 0.000000,
        "32" : 0.000000,
        "64" : 0.000000,
        ">=64" : 0.000000
      },
      "latency_ns" : {
        "2" : 0.000000,
        "4" : 0.000000,
        "10" : 0.000000,
        "20" : 0.000000,
        "50" : 0.000000,
        "100" : 0.000000,
        "250" : 0.000000,
        "500" : 0.000000,
        "750" : 0.000000,
        "1000" : 0.000000
      },
      "latency_us" : {
        "2" : 0.000000,
        "4" : 0.000000,
        "10" : 0.000000,
        "20" : 0.000000,
        "50" : 0.000000,
        "100" : 0.000000,
        "250" : 6.952190,
        "500" : 91.277509,
        "750" : 1.438683,
        "1000" : 0.255998
      },
      "latency_ms" : {
        "2" : 0.071555,
        "4" : 0.010000,
        "10" : 0.000000,
        "20" : 0.000000,
        "50" : 0.000000,
        "100" : 0.000000,
        "250" : 0.000000,
        "500" : 0.000000,
        "750" : 0.000000,
        "1000" : 0.000000,
        "2000" : 0.000000,
        ">=2000" : 0.000000
      },
      "latency_depth" : 1,
      "latency_target" : 0,
      "latency_percentile" : 100.000000,
      "latency_window" : 0
    }
  ]
}
